{"cameraMode":{"drawMode":0,"name":"Shaded","section":"Shading Mode"},"sceneLighting":false,"audioPlay":false,"sceneViewState":{"showFog":true,"showMaterialUpdate":false,"showSkybox":true,"showFlares":true,"showImageEffects":true,"showParticleSystems":true},"in2DMode":false,"pivot":{"x":5.673357009887695,"y":0.5260262489318848,"z":1.2370119094848633},"rotation":{"x":-0.16092415153980256,"y":0.09075726568698883,"z":-0.014871256425976754,"w":-0.9826887249946594},"size":6.324063301086426,"orthographic":false}