{"cameraMode":{"drawMode":0,"name":"Shaded","section":"Shading Mode"},"sceneLighting":false,"audioPlay":false,"sceneViewState":{"showFog":true,"showMaterialUpdate":false,"showSkybox":true,"showFlares":true,"showImageEffects":true,"showParticleSystems":true},"in2DMode":false,"pivot":{"x":-3.0137221813201906,"y":-3.2005956172943117,"z":3.2464516162872316},"rotation":{"x":0.4270299971103668,"y":-0.020058648660779,"z":0.009481937624514103,"w":0.9039746522903442},"size":12.712237358093262,"orthographic":false}