{"cameraMode":{"drawMode":0,"name":"Shaded","section":"Shading Mode"},"sceneLighting":true,"audioPlay":false,"sceneViewState":{"showFog":true,"showMaterialUpdate":true,"showSkybox":true,"showFlares":true,"showImageEffects":true,"showParticleSystems":true},"in2DMode":false,"pivot":{"x":7.836099624633789,"y":-31.207996368408204,"z":17.690401077270509},"rotation":{"x":0.6224808096885681,"y":-0.027268061414361,"z":0.021505234763026239,"w":0.7819870114326477},"size":51.85820388793945,"orthographic":false}