{"cameraMode":{"drawMode":0,"name":"Shaded","section":"Shading Mode"},"sceneLighting":false,"audioPlay":false,"sceneViewState":{"showFog":true,"showMaterialUpdate":true,"showSkybox":true,"showFlares":true,"showImageEffects":true,"showParticleSystems":true},"in2DMode":false,"pivot":{"x":1.0839921236038209,"y":0.9837788343429565,"z":1.6173410415649415},"rotation":{"x":-0.07980352640151978,"y":0.912486732006073,"z":-0.33909502625465395,"w":-0.21461279690265656},"size":1.428942322731018,"orthographic":false}