{"cameraMode":{"drawMode":0,"name":"Shaded","section":"Shading Mode"},"sceneLighting":false,"audioPlay":false,"sceneViewState":{"showFog":true,"showMaterialUpdate":true,"showSkybox":true,"showFlares":true,"showImageEffects":true,"showParticleSystems":true},"in2DMode":false,"pivot":{"x":0.8499999046325684,"y":0.6155050992965698,"z":7.5},"rotation":{"x":-0.053115129470825198,"y":-0.6194843649864197,"z":0.042069826275110248,"w":-0.7820819616317749},"size":26.78546905517578,"orthographic":false}