{"cameraMode":{"drawMode":0,"name":"Shaded","section":"Shading Mode"},"sceneLighting":false,"audioPlay":false,"sceneViewState":{"showFog":true,"showMaterialUpdate":false,"showSkybox":true,"showFlares":true,"showImageEffects":true,"showParticleSystems":true},"in2DMode":false,"pivot":{"x":-0.01688580960035324,"y":3.4271481037139894,"z":-1.8906160593032838},"rotation":{"x":-0.40136969089508059,"y":0.32971417903900149,"z":-0.15757162868976594,"w":-0.8398601412773132},"size":3.157883882522583,"orthographic":false}