{"cameraMode":{"drawMode":0,"name":"Shaded","section":"Shading Mode"},"sceneLighting":false,"audioPlay":false,"sceneViewState":{"showFog":true,"showMaterialUpdate":false,"showSkybox":true,"showFlares":true,"showImageEffects":true,"showParticleSystems":true},"in2DMode":false,"pivot":{"x":2.3916783332824709,"y":-44.099300384521487,"z":33.252994537353519},"rotation":{"x":0.47776034474372866,"y":-0.1150190457701683,"z":0.06337548047304154,"w":0.8687364459037781},"size":22.0,"orthographic":false}