{"cameraMode":{"drawMode":0,"name":"Shaded","section":"Shading Mode"},"sceneLighting":false,"audioPlay":false,"sceneViewState":{"showFog":true,"showMaterialUpdate":false,"showSkybox":true,"showFlares":true,"showImageEffects":true,"showParticleSystems":true},"in2DMode":false,"pivot":{"x":5.100691795349121,"y":-2.549245595932007,"z":-2.0877838134765627},"rotation":{"x":0.11138156056404114,"y":0.8507976531982422,"z":-0.20039334893226624,"w":0.4728889763355255},"size":9.754960060119629,"orthographic":false}