{"cameraMode":{"drawMode":0,"name":"Shaded","section":"Shading Mode"},"sceneLighting":false,"audioPlay":false,"sceneViewState":{"showFog":true,"showMaterialUpdate":false,"showSkybox":true,"showFlares":true,"showImageEffects":true,"showParticleSystems":true},"in2DMode":false,"pivot":{"x":-0.029999999329447748,"y":3.25,"z":-4.420000076293945},"rotation":{"x":-0.0008204453042708337,"y":-0.9394317865371704,"z":0.34272778034210207,"w":-0.002246700692921877},"size":3.3000569343566896,"orthographic":false}