{"cameraMode":{"drawMode":0,"name":"Shaded","section":"Shading Mode"},"sceneLighting":false,"audioPlay":false,"sceneViewState":{"showFog":true,"showMaterialUpdate":false,"showSkybox":true,"showFlares":true,"showImageEffects":true,"showParticleSystems":true},"in2DMode":false,"pivot":{"x":28.68474769592285,"y":-6.1822404861450199,"z":25.0848388671875},"rotation":{"x":0.33246007561683657,"y":0.045543819665908816,"z":-0.016063779592514039,"w":0.9418914914131165},"size":18.17140007019043,"orthographic":false}