{"cameraMode":{"drawMode":0,"name":"Shaded","section":"Shading Mode"},"sceneLighting":false,"audioPlay":false,"sceneViewState":{"showFog":true,"showMaterialUpdate":false,"showSkybox":true,"showFlares":true,"showImageEffects":true,"showParticleSystems":true},"in2DMode":false,"pivot":{"x":0.5316022634506226,"y":-2.2838263511657717,"z":0.49937450885772707},"rotation":{"x":0.5077021718025208,"y":-0.1505628079175949,"z":0.09074179083108902,"w":0.8435293436050415},"size":17.868816375732423,"orthographic":false}