{"cameraMode":{"drawMode":0,"name":"Shaded","section":"Shading Mode"},"sceneLighting":false,"audioPlay":false,"sceneViewState":{"showFog":true,"showMaterialUpdate":false,"showSkybox":true,"showFlares":true,"showImageEffects":true,"showParticleSystems":true},"in2DMode":false,"pivot":{"x":-0.9691710472106934,"y":1.665644645690918,"z":-6.442440986633301},"rotation":{"x":0.20312069356441499,"y":-0.7844558954238892,"z":0.3282656669616699,"w":0.485399454832077},"size":9.14767074584961,"orthographic":false}