{"cameraMode":{"drawMode":0,"name":"Shaded","section":"Shading Mode"},"sceneLighting":false,"audioPlay":false,"sceneViewState":{"showFog":true,"showMaterialUpdate":false,"showSkybox":true,"showFlares":true,"showImageEffects":true,"showParticleSystems":true},"in2DMode":false,"pivot":{"x":0.4093073308467865,"y":-0.31331372261047366,"z":1.2500783205032349},"rotation":{"x":-0.35383346676826479,"y":-0.4547475278377533,"z":0.2032536417245865,"w":-0.7916541695594788},"size":4.81576681137085,"orthographic":false}