{"cameraMode":{"drawMode":0,"name":"Shaded","section":"Shading Mode"},"sceneLighting":false,"audioPlay":false,"sceneViewState":{"showFog":true,"showMaterialUpdate":false,"showSkybox":true,"showFlares":true,"showImageEffects":true,"showParticleSystems":true},"in2DMode":false,"pivot":{"x":20.1774845123291,"y":1.173408031463623,"z":10.749185562133789},"rotation":{"x":-0.22680051624774934,"y":-0.6514630317687988,"z":0.2135867476463318,"w":-0.6917645335197449},"size":2.1676154136657717,"orthographic":false}