{"cameraMode":{"drawMode":0,"name":"Shaded","section":"Shading Mode"},"sceneLighting":false,"audioPlay":false,"sceneViewState":{"showFog":true,"showMaterialUpdate":false,"showSkybox":true,"showFlares":true,"showImageEffects":true,"showParticleSystems":true},"in2DMode":false,"pivot":{"x":-0.02983224391937256,"y":3.25,"z":-4.420012474060059},"rotation":{"x":0.3810088336467743,"y":-0.34080082178115847,"z":0.15354964137077332,"w":0.845641553401947},"size":5.3735151290893559,"orthographic":false}