{"cameraMode":{"drawMode":0,"name":"Shaded","section":"Shading Mode"},"sceneLighting":false,"audioPlay":false,"sceneViewState":{"showFog":true,"showMaterialUpdate":false,"showSkybox":true,"showFlares":true,"showImageEffects":true,"showParticleSystems":true},"in2DMode":false,"pivot":{"x":1.8420143127441407,"y":2.195657253265381,"z":-3.7617781162261965},"rotation":{"x":-0.22680051624774934,"y":-0.6514630317687988,"z":0.2135867476463318,"w":-0.6917645335197449},"size":6.666374683380127,"orthographic":false}