{"cameraMode":{"drawMode":0,"name":"Shaded","section":"Shading Mode"},"sceneLighting":false,"audioPlay":false,"sceneViewState":{"showFog":true,"showMaterialUpdate":false,"showSkybox":true,"showFlares":true,"showImageEffects":true,"showParticleSystems":true},"in2DMode":false,"pivot":{"x":41.238094329833987,"y":-29.039936065673829,"z":-53.09595489501953},"rotation":{"x":-0.3397672772407532,"y":0.14921195805072785,"z":-0.05469861999154091,"w":-0.9270016551017761},"size":22.0,"orthographic":false}