{"cameraMode":{"drawMode":0,"name":"Shaded","section":"Shading Mode"},"sceneLighting":false,"audioPlay":false,"sceneViewState":{"showFog":true,"showMaterialUpdate":false,"showSkybox":true,"showFlares":true,"showImageEffects":true,"showParticleSystems":true},"in2DMode":false,"pivot":{"x":20.88481330871582,"y":0.08456087112426758,"z":9.14655876159668},"rotation":{"x":-0.3818303942680359,"y":0.014409937895834446,"z":-0.0059651900082826618,"w":-0.924119234085083},"size":7.967379570007324,"orthographic":false}