{"cameraMode":{"drawMode":0,"name":"Shaded","section":"Shading Mode"},"sceneLighting":false,"audioPlay":false,"sceneViewState":{"showFog":true,"showMaterialUpdate":false,"showSkybox":true,"showFlares":true,"showImageEffects":true,"showParticleSystems":true},"in2DMode":false,"pivot":{"x":-1.8199684619903565,"y":-1.63442063331604,"z":1.048531174659729},"rotation":{"x":-0.2837553918361664,"y":0.4704367220401764,"z":-0.1628943681716919,"w":-0.8195585012435913},"size":6.9298810958862309,"orthographic":false}