{"cameraMode":{"drawMode":0,"name":"Shaded","section":"Shading Mode"},"sceneLighting":false,"audioPlay":false,"sceneViewState":{"showFog":true,"showMaterialUpdate":false,"showSkybox":true,"showFlares":true,"showImageEffects":true,"showParticleSystems":true},"in2DMode":false,"pivot":{"x":28.399999618530275,"y":0.0,"z":16.600000381469728},"rotation":{"x":0.3810088336467743,"y":-0.34080082178115847,"z":0.15354964137077332,"w":0.845641553401947},"size":2.8578836917877199,"orthographic":false}