{"cameraMode":{"drawMode":0,"name":"Shaded","section":"Shading Mode"},"sceneLighting":false,"audioPlay":false,"sceneViewState":{"showFog":true,"showMaterialUpdate":true,"showSkybox":true,"showFlares":true,"showImageEffects":true,"showParticleSystems":true},"in2DMode":false,"pivot":{"x":0.0,"y":2.9000000953674318,"z":-4.239999771118164},"rotation":{"x":0.28645268082618716,"y":0.23846834897994996,"z":-0.07386534661054611,"w":0.9250168800354004},"size":6.417938232421875,"orthographic":false}