{"cameraMode":{"drawMode":0,"name":"Shaded","section":"Shading Mode"},"sceneLighting":false,"audioPlay":false,"sceneViewState":{"showFog":true,"showMaterialUpdate":false,"showSkybox":true,"showFlares":true,"showImageEffects":true,"showParticleSystems":true},"in2DMode":false,"pivot":{"x":-0.12695163488388062,"y":-0.5448184013366699,"z":0.3172342777252197},"rotation":{"x":-0.3818303942680359,"y":0.014409937895834446,"z":-0.0059651900082826618,"w":-0.924119234085083},"size":3.045234203338623,"orthographic":false}