{"cameraMode":{"drawMode":0,"name":"Shaded","section":"Shading Mode"},"sceneLighting":false,"audioPlay":false,"sceneViewState":{"showFog":true,"showMaterialUpdate":false,"showSkybox":true,"showFlares":true,"showImageEffects":true,"showParticleSystems":true},"in2DMode":false,"pivot":{"x":11.949999809265137,"y":17.829999923706056,"z":0.30000004172325137},"rotation":{"x":0.37484580278396609,"y":0.11359911412000656,"z":-0.04633863642811775,"w":0.9189334511756897},"size":4.604709148406982,"orthographic":false}