{"cameraMode":{"drawMode":0,"name":"Shaded","section":"Shading Mode"},"sceneLighting":false,"audioPlay":false,"sceneViewState":{"showFog":true,"showMaterialUpdate":false,"showSkybox":true,"showFlares":true,"showImageEffects":true,"showParticleSystems":true},"in2DMode":false,"pivot":{"x":-0.0673198401927948,"y":-1.4650864601135255,"z":1.7926931381225587},"rotation":{"x":-0.4365561604499817,"y":0.012681379914283753,"z":-0.006154816132038832,"w":-0.899569571018219},"size":9.387104034423829,"orthographic":false}